file permission,absolute url,file type
(drwxr-xr-x),http://substack.net/images/../,directory
(drwxr-xr-x),http://substack.net/images/stealth_mode/,directory
(drwxr-xr-x),http://substack.net/images/browserify/,directory
(drwxr-xr-x),http://substack.net/images/browserling/,directory
(drwxr-xr-x),http://substack.net/images/browsers/,directory
(drwxr-xr-x),http://substack.net/images/dnode-slides/,directory
(drwxr-xr-x),http://substack.net/images/do_not_write_big_apps/,directory
(drwxr-xr-x),http://substack.net/images/dools/,directory
(drwxr-xr-x),http://substack.net/images/furniture/,directory
(drwxr-xr-x),http://substack.net/images/grave/,directory
(drwxr-xr-x),http://substack.net/images/haskell-gd/,directory
(drwxr-xr-x),http://substack.net/images/heatwave/,directory
(drwxr-xr-x),http://substack.net/images/huge/,directory
(drwxr-xr-x),http://substack.net/images/hujs/,directory
(drwxr-xr-x),http://substack.net/images/hume/,directory
(drwxr-xr-x),http://substack.net/images/hunger_games_oakland/,directory
(drwxr-xr-x),http://substack.net/images/avatars/,directory
(drwxr-xr-x),http://substack.net/images/laptop-battery-hack/,directory
(drwxr-xr-x),http://substack.net/images/logo/,directory
(drwxr-xr-x),http://substack.net/images/math/,directory
(drwxr-xr-x),http://substack.net/images/nodeconf-2011-slides/,directory
(drwxr-xr-x),http://substack.net/images/npmdep/,directory
(drwxr-xr-x),http://substack.net/images/penny_farthing/,directory
(drwxr-xr-x),http://substack.net/images/photo/,directory
(drwxr-xr-x),http://substack.net/images/pix/,directory
(drwxr-xr-x),http://substack.net/images/robot-telescope/,directory
(drwxr-xr-x),http://substack.net/images/rov-2010/,directory
(drwxr-xr-x),http://substack.net/images/scratch/,directory
(drwxr-xr-x),http://substack.net/images/screenshots/,directory
(drwxr-xr-x),http://substack.net/images/sf-city-lots/,directory
(drwxr-xr-x),http://substack.net/images/spaceship/,directory
(drwxr-xr-x),http://substack.net/images/internet/,directory
(-rw-r--r--),http://substack.net/images/youtube.png,png
(-rw-r--r--),http://substack.net/images/yarnify.svg,svg
(-rw-r--r--),http://substack.net/images/yarnify.png,png
(-rw-r--r--),http://substack.net/images/writable.svg,svg
(-rw-r--r--),http://substack.net/images/writable.png,png
(-rw-r--r--),http://substack.net/images/worm.svg,svg
(-rw-r--r--),http://substack.net/images/worm.png,png
(-rw-r--r--),http://substack.net/images/world_map.svg,svg
(-rw-r--r--),http://substack.net/images/world_map.png,png
(-rw-r--r--),http://substack.net/images/wizard_sprite.svg,svg
(-rw-r--r--),http://substack.net/images/wizard_hat_dull.png,png
(-rw-r--r--),http://substack.net/images/wizard_hat.svg,svg
(-rw-r--r--),http://substack.net/images/wizard_hat.png,png
(-rw-r--r--),http://substack.net/images/wizard.svg,svg
(-rw-r--r--),http://substack.net/images/wizard.png,png
(-rw-r--r--),http://substack.net/images/why-browserling.png,png
(-rw-r--r--),http://substack.net/images/whale.svg,svg
(-rw-r--r--),http://substack.net/images/whale.png,png
(-rw-r--r--),http://substack.net/images/websockets.svg,svg
(-rw-r--r--),http://substack.net/images/websockets.png,png
(-rw-r--r--),http://substack.net/images/virtual_mars.svg,svg
(-rw-r--r--),http://substack.net/images/virtual_mars.png,png
(-rw-r--r--),http://substack.net/images/vaporwave.jpg,jpg
(-rw-r--r--),http://substack.net/images/upboat.svg,svg
(-rw-r--r--),http://substack.net/images/upboat.png,png
(-rw-r--r--),http://substack.net/images/unix_philosophy.svg,svg
(-rw-r--r--),http://substack.net/images/unix_philosophy.png,png
(-rw-r--r--),http://substack.net/images/universe-of-discord.svg,svg
(-rw-r--r--),http://substack.net/images/universe-of-discord.png,png
(-rw-r--r--),http://substack.net/images/twitter.png,png
(-rw-r--r--),http://substack.net/images/trumpet.svg,svg
(-rw-r--r--),http://substack.net/images/trumpet.png,png
(-rw-r--r--),http://substack.net/images/triceratops.svg,svg
(-rw-r--r--),http://substack.net/images/triceratops.png,png
(-rw-r--r--),http://substack.net/images/tree.svg,svg
(-rw-r--r--),http://substack.net/images/tree-traversal.svg,svg
(-rw-r--r--),http://substack.net/images/tree-traversal.png,png
(-rw-r--r--),http://substack.net/images/trampoline.png,png
(-rw-r--r--),http://substack.net/images/tracer_bullet.svg,svg
(-rw-r--r--),http://substack.net/images/tracer_bullet.png,png
(-rw-r--r--),http://substack.net/images/through.svg,svg
(-rw-r--r--),http://substack.net/images/through.png,png
(-rw-r--r--),http://substack.net/images/thomas-turtle.svg,svg
(-rw-r--r--),http://substack.net/images/thomas-turtle.png,png
(-rw-r--r--),http://substack.net/images/thinkpad.svg,svg
(-rw-r--r--),http://substack.net/images/thinkpad.png,png
(-rw-r--r--),http://substack.net/images/the-robot-vote.svg,svg
(-rw-r--r--),http://substack.net/images/the-robot-vote.png,png
(-rw-r--r--),http://substack.net/images/testling_sticker.svg,svg
(-rw-r--r--),http://substack.net/images/testling_sticker.png,png
(-rw-r--r--),http://substack.net/images/testling_mission_control.png,png
(-rw-r--r--),http://substack.net/images/testling_icon.png,png
(-rw-r--r--),http://substack.net/images/testling_donate_5.png,png
(-rw-r--r--),http://substack.net/images/testling_donate_20.png,png
(-rw-r--r--),http://substack.net/images/testling_donate_10.png,png
(-rw-r--r--),http://substack.net/images/testling_donate.svg,svg
(-rw-r--r--),http://substack.net/images/testling_big.png,png
(-rw-r--r--),http://substack.net/images/testling_badge_dnode.png,png
(-rw-r--r--),http://substack.net/images/testling_badge.svg,svg
(-rw-r--r--),http://substack.net/images/testling_badge.png,png
(-rw-r--r--),http://substack.net/images/testling.svg,svg
(-rw-r--r--),http://substack.net/images/testling.png,png
(-rw-r--r--),http://substack.net/images/tape_drive.svg,svg
(-rw-r--r--),http://substack.net/images/tape_drive.png,png
(-rw-r--r--),http://substack.net/images/tacodb_tacostack5.png,png
(-rw-r--r--),http://substack.net/images/tacodb_tacostack.png,png
(-rw-r--r--),http://substack.net/images/tacodb_platestack5.png,png
(-rw-r--r--),http://substack.net/images/tacodb_platestack.png,png
(-rw-r--r--),http://substack.net/images/tacodb_platedb.png,png
(-rw-r--r--),http://substack.net/images/tacodb_logo.png,png
(-rw-r--r--),http://substack.net/images/tacodb.svg,svg
(-rw-r--r--),http://substack.net/images/tacodb.png,png
(-rw-r--r--),http://substack.net/images/taco_conf_front.svg,svg
(-rw-r--r--),http://substack.net/images/taco_conf_date.png,png
(-rw-r--r--),http://substack.net/images/taco_conf_back.svg,svg
(-rw-r--r--),http://substack.net/images/taco_conf.png,png
(-rw-r--r--),http://substack.net/images/taco.svg,svg
(-rw-r--r--),http://substack.net/images/taco.png,png
(-rw-r--r--),http://substack.net/images/t-rex.svg,svg
(-rw-r--r--),http://substack.net/images/t-rex.png,png
(-rw-r--r--),http://substack.net/images/swoop.svg,svg
(-rw-r--r--),http://substack.net/images/swoop.png,png
(-rw-r--r--),http://substack.net/images/substackistan.png,png
(-rw-r--r--),http://substack.net/images/substack_pixel.svg,svg
(-rw-r--r--),http://substack.net/images/substack_monochrome.png,png
(-rw-r--r--),http://substack.net/images/substack_monochrome.jpg,jpg
(-rw-r--r--),http://substack.net/images/substack_header_letters.png,png
(-rw-r--r--),http://substack.net/images/substack_header.svg,svg
(-rw-r--r--),http://substack.net/images/substack_compute.jpg,jpg
(-rw-r--r--),http://substack.net/images/substack_compute.an8,an8
(-rw-r--r--),http://substack.net/images/substack_angry.png,png
(-rw-r--r--),http://substack.net/images/substack_240.png,png
(-rw-r--r--),http://substack.net/images/substack.svg,svg
(-rw-r--r--),http://substack.net/images/substack.png,png
(-rw-r--r--),http://substack.net/images/substack.gif,gif
(-rw-r--r--),http://substack.net/images/soundcloud.png,png
(-rw-r--r--),http://substack.net/images/sound_of_a_voice.svg,svg
(-rw-r--r--),http://substack.net/images/sound_of_a_voice.png,png
(-rw-r--r--),http://substack.net/images/sky_cake.svg,svg
(-rw-r--r--),http://substack.net/images/sky_cake.png,png
(-rw-r--r--),http://substack.net/images/singsong.png,png
(-rw-r--r--),http://substack.net/images/sillyscope_spectrogram.png,png
(-rw-r--r--),http://substack.net/images/shoe.svg,svg
(-rw-r--r--),http://substack.net/images/shoe.png,png
(-rw-r--r--),http://substack.net/images/shader_emulation_taurus.png,png
(-rw-r--r--),http://substack.net/images/sesame.svg,svg
(-rw-r--r--),http://substack.net/images/sesame.png,png
(-rw-r--r--),http://substack.net/images/separation_of_concerns.svg,svg
(-rw-r--r--),http://substack.net/images/separation_of_concerns.png,png
(-rw-r--r--),http://substack.net/images/self_big.jpg,jpg
(-rw-r--r--),http://substack.net/images/self.svg,svg
(-rw-r--r--),http://substack.net/images/self.png,png
(-rw-r--r--),http://substack.net/images/self.jpg,jpg
(-rw-r--r--),http://substack.net/images/secure_peer_logo.svg,svg
(-rw-r--r--),http://substack.net/images/secure_peer_logo.png,png
(-rw-r--r--),http://substack.net/images/seaport_logo.svg,svg
(-rw-r--r--),http://substack.net/images/seaport_logo.png,png
(-rw-r--r--),http://substack.net/images/seaport.svg,svg
(-rw-r--r--),http://substack.net/images/seaport.png,png
(-rw-r--r--),http://substack.net/images/scuttlebutt.svg,svg
(-rw-r--r--),http://substack.net/images/scuttlebutt.png,png
(-rw-r--r--),http://substack.net/images/school_of_fish.svg,svg
(-rw-r--r--),http://substack.net/images/school_of_fish.png,png
(-rw-r--r--),http://substack.net/images/saucer_pending.svg,svg
(-rw-r--r--),http://substack.net/images/saucer_pending.gif,gif
(-rw-r--r--),http://substack.net/images/saucer_landing.png,png
(-rw-r--r--),http://substack.net/images/safe_harbor_claus.svg,svg
(-rw-r--r--),http://substack.net/images/safe_harbor_claus.png,png
(-rw-r--r--),http://substack.net/images/rov.svg,svg
(-rw-r--r--),http://substack.net/images/rov.png,png
(-rw-r--r--),http://substack.net/images/ross_mural.png,png
(-rw-r--r--),http://substack.net/images/robot_telescope.svg,svg
(-rw-r--r--),http://substack.net/images/robot_telescope.png,png
(-rw-r--r--),http://substack.net/images/robot_recycling.jpg,jpg
(-rw-r--r--),http://substack.net/images/robot.svg,svg
(-rw-r--r--),http://substack.net/images/robot.png,png
(-rw-r--r--),http://substack.net/images/robokit.svg,svg
(-rw-r--r--),http://substack.net/images/robokit.png,png
(-rw-r--r--),http://substack.net/images/right.png,png
(-rw-r--r--),http://substack.net/images/readable.svg,svg
(-rw-r--r--),http://substack.net/images/readable.png,png
(-rw-r--r--),http://substack.net/images/raptor.svg,svg
(-rw-r--r--),http://substack.net/images/raptor.png,png
(-rw-r--r--),http://substack.net/images/queue.png,png
(-rw-r--r--),http://substack.net/images/quacks_like_a_duck.svg,svg
(-rw-r--r--),http://substack.net/images/quacks_like_a_duck.png,png
(-rw-r--r--),http://substack.net/images/pushover_logo.png,png
(-rw-r--r--),http://substack.net/images/pushover.svg,svg
(-rw-r--r--),http://substack.net/images/pushover.png,png
(-rw-r--r--),http://substack.net/images/printable_pixels.svg,svg
(-rw-r--r--),http://substack.net/images/printable.svg,svg
(-rw-r--r--),http://substack.net/images/pony.svg,svg
(-rw-r--r--),http://substack.net/images/pony.png,png
(-rw-r--r--),http://substack.net/images/polar_bear.svg,svg
(-rw-r--r--),http://substack.net/images/polar_bear.png,png
(-rw-r--r--),http://substack.net/images/ploy.svg,svg
(-rw-r--r--),http://substack.net/images/ploy.png,png
(-rw-r--r--),http://substack.net/images/pending_badge.png,png
(-rw-r--r--),http://substack.net/images/pause_stream.svg,svg
(-rw-r--r--),http://substack.net/images/pause_stream.png,png
(-rw-r--r--),http://substack.net/images/pascal.svg,svg
(-rw-r--r--),http://substack.net/images/pascal.png,png
(-rw-r--r--),http://substack.net/images/outline.png,png
(-rw-r--r--),http://substack.net/images/oscilloscope.svg,svg
(-rw-r--r--),http://substack.net/images/oscilloscope.png,png
(-rw-r--r--),http://substack.net/images/optimistic.svg,svg
(-rw-r--r--),http://substack.net/images/optimistic.png,png
(-rw-r--r--),http://substack.net/images/optimist_logo.svg,svg
(-rw-r--r--),http://substack.net/images/optimist_logo.png,png
(-rw-r--r--),http://substack.net/images/only-a-dream.svg,svg
(-rw-r--r--),http://substack.net/images/only-a-dream.png,png
(-rw-r--r--),http://substack.net/images/ogdenius_maximus.svg,svg
(-rw-r--r--),http://substack.net/images/ogdenius_maximus.png,png
(-rw-r--r--),http://substack.net/images/octopus.an8,an8
(-rw-r--r--),http://substack.net/images/oakland.svg,svg
(-rw-r--r--),http://substack.net/images/oakland.png,png
(-rw-r--r--),http://substack.net/images/oakjs.svg,svg
(-rw-r--r--),http://substack.net/images/oakjs.png,png
(-rw-r--r--),http://substack.net/images/oak_coffee.svg,svg
(-rw-r--r--),http://substack.net/images/oak_coffee.png,png
(-rw-r--r--),http://substack.net/images/npmtop.svg,svg
(-rw-r--r--),http://substack.net/images/npmtop.png,png
(-rw-r--r--),http://substack.net/images/npm.png,png
(-rw-r--r--),http://substack.net/images/node_turtle_solid.svg,svg
(-rw-r--r--),http://substack.net/images/node_turtle_solid.png,png
(-rw-r--r--),http://substack.net/images/node_turtle_plume.svg,svg
(-rw-r--r--),http://substack.net/images/node_turtle_plume.png,png
(-rw-r--r--),http://substack.net/images/node_turtle.svg,svg
(-rw-r--r--),http://substack.net/images/node_turtle.png,png
(-rw-r--r--),http://substack.net/images/no_earthquakes.png,png
(-rw-r--r--),http://substack.net/images/nesting-robots.svg,svg
(-rw-r--r--),http://substack.net/images/nesting-robots.png,png
(-rw-r--r--),http://substack.net/images/mux_demux.svg,svg
(-rw-r--r--),http://substack.net/images/mux_demux.png,png
(-rw-r--r--),http://substack.net/images/music.svg,svg
(-rw-r--r--),http://substack.net/images/music.png,png
(-rw-r--r--),http://substack.net/images/mushroom_cloud.svg,svg
(-rw-r--r--),http://substack.net/images/mushroom_cloud.png,png
(-rw-r--r--),http://substack.net/images/multimeter.svg,svg
(-rw-r--r--),http://substack.net/images/multimeter.png,png
(-rw-r--r--),http://substack.net/images/mrcolor.svg,svg
(-rw-r--r--),http://substack.net/images/mrcolor.png,png
(-rw-r--r--),http://substack.net/images/mountie_equation.png,png
(-rw-r--r--),http://substack.net/images/mountie.svg,svg
(-rw-r--r--),http://substack.net/images/mountie.png,png
(-rw-r--r--),http://substack.net/images/monster_0.svg,svg
(-rw-r--r--),http://substack.net/images/modularity.png,png
(-rw-r--r--),http://substack.net/images/mind_explosion_silly.png,png
(-rw-r--r--),http://substack.net/images/mind_explosion.svg,svg
(-rw-r--r--),http://substack.net/images/mind_explosion.png,png
(-rw-r--r--),http://substack.net/images/microwave.png,png
(-rw-r--r--),http://substack.net/images/method-chain.svg,svg
(-rw-r--r--),http://substack.net/images/method-chain.png,png
(-rw-r--r--),http://substack.net/images/message-passing.svg,svg
(-rw-r--r--),http://substack.net/images/message-passing.png,png
(-rw-r--r--),http://substack.net/images/mechanical_bull.svg,svg
(-rw-r--r--),http://substack.net/images/mechanical_bull.png,png
(-rw-r--r--),http://substack.net/images/mcilroy.svg,svg
(-rw-r--r--),http://substack.net/images/mcilroy.png,png
(-rw-r--r--),http://substack.net/images/maxwell-equations.jpg,jpg
(-rw-r--r--),http://substack.net/images/max_fish.png,png
(-rw-r--r--),http://substack.net/images/max.svg,svg
(-rw-r--r--),http://substack.net/images/max.png,png
(-rw-r--r--),http://substack.net/images/max.gif,gif
(-rw-r--r--),http://substack.net/images/marley.svg,svg
(-rw-r--r--),http://substack.net/images/marley.png,png
(-rw-r--r--),http://substack.net/images/malicious-user.svg,svg
(-rw-r--r--),http://substack.net/images/malicious-user.png,png
(-rw-r--r--),http://substack.net/images/malicious-attack.svg,svg
(-rw-r--r--),http://substack.net/images/malicious-attack.png,png
(-rw-r--r--),http://substack.net/images/mad_science_疯狂科学.svg,svg
(-rw-r--r--),http://substack.net/images/mad_science_疯狂科学.png,png
(-rw-r--r--),http://substack.net/images/mad_science.svg,svg
(-rw-r--r--),http://substack.net/images/mad_science.png,png
(-rw-r--r--),http://substack.net/images/leveldb.svg,svg
(-rw-r--r--),http://substack.net/images/leveldb.png,png
(-rw-r--r--),http://substack.net/images/level_party.svg,svg
(-rw-r--r--),http://substack.net/images/level_party.png,png
(-rw-r--r--),http://substack.net/images/lettuce.svg,svg
(-rw-r--r--),http://substack.net/images/lettuce.png,png
(-rw-r--r--),http://substack.net/images/left.png,png
